State,City,Pincode
ANDAMAN AND NICOBAR ISLANDS,NICOBARS,744302
ANDAMAN AND NICOBAR ISLANDS,NORTH AND MIDDLE ANDAMAN,744202
ANDAMAN AND NICOBAR ISLANDS,SOUTH ANDAMANS,744107
ANDHRA PRADESH,ANANTAPUR,515445
ANDHRA PRADESH,Alluri Sitharama Raju,531024
ANDHRA PRADESH,Anakapalli,531027
ANDHRA PRADESH,Annamayya,517305
ANDHRA PRADESH,Bapatla,523171
ANDHRA PRADESH,CHITTOOR,517213
ANDHRA PRADESH,EAST GODAVARI,533437
ANDHRA PRADESH,Eluru,534455
ANDHRA PRADESH,GUNTUR,522529
ANDHRA PRADESH,KRISHNA,521122
ANDHRA PRADESH,KURNOOL,518002
ANDHRA PRADESH,Kakinada,533005
ANDHRA PRADESH,Konaseema,533126
ANDHRA PRADESH,NTR,521226
ANDHRA PRADESH,Nandyal,518405
ANDHRA PRADESH,PRAKASAM,523113
ANDHRA PRADESH,Palnadu,522612
ANDHRA PRADESH,Parvathipuram Manyam,535557
ANDHRA PRADESH,SPSR NELLORE,524203
ANDHRA PRADESH,SRIKAKULAM,532148
ANDHRA PRADESH,Sri Sathya Sai,515144
ANDHRA PRADESH,Tirupati,517194
ANDHRA PRADESH,VISAKHAPATANAM,531115
ANDHRA PRADESH,VIZIANAGARAM,535128
ANDHRA PRADESH,WEST GODAVARI,534313
ANDHRA PRADESH,Y.S.R.,516356
ARUNACHAL PRADESH,ANJAW,792104
ARUNACHAL PRADESH,CHANGLANG,792056
ARUNACHAL PRADESH,DIBANG VALLEY,792110
ARUNACHAL PRADESH,EAST KAMENG,790102
ARUNACHAL PRADESH,EAST SIANG,791103
ARUNACHAL PRADESH,KAMLE,791120
ARUNACHAL PRADESH,KRA DAADI,791118
ARUNACHAL PRADESH,KURUNG KUMEY,791118
ARUNACHAL PRADESH,LEPARADA,791101
ARUNACHAL PRADESH,LOHIT,792001
ARUNACHAL PRADESH,LONGDING,792131
ARUNACHAL PRADESH,LOWER DIBANG VALLEY,792110
ARUNACHAL PRADESH,LOWER SIANG,791125
ARUNACHAL PRADESH,LOWER SUBANSIRI,791119
ARUNACHAL PRADESH,NAMSAI,792103
ARUNACHAL PRADESH,PAKKE KESSANG,790103
ARUNACHAL PRADESH,PAPUM PARE,791123
ARUNACHAL PRADESH,SHI YOMI,791003
ARUNACHAL PRADESH,SIANG,791001
ARUNACHAL PRADESH,TAWANG,790105
ARUNACHAL PRADESH,TIRAP,792129
ARUNACHAL PRADESH,UPPER SIANG,791105
ARUNACHAL PRADESH,UPPER SUBANSIRI,791122
ARUNACHAL PRADESH,WEST KAMENG,790114
ARUNACHAL PRADESH,WEST SIANG,791001
ASSAM,BAKSA,781366
ASSAM,BARPETA,781315
ASSAM,BONGAIGAON,783384
ASSAM,Bajali,781328
ASSAM,Biswanath,784169
ASSAM,CACHAR,788117
ASSAM,CHARAIDEO,785691
ASSAM,CHIRANG,783394
ASSAM,DARRANG,784145
ASSAM,DHEMAJI,787026
ASSAM,DHUBRI,783335
ASSAM,DIBRUGARH,786613
ASSAM,DIMA HASAO,788820
ASSAM,GOALPARA,783123
ASSAM,GOLAGHAT,785611
ASSAM,HAILAKANDI,788160
ASSAM,HOJAI,782446
ASSAM,JORHAT,785101
ASSAM,KAMRUP,781030
ASSAM,KAMRUP METRO,782411
ASSAM,KARBI ANGLONG,782482
ASSAM,KARIMGANJ,788734
ASSAM,KOKRAJHAR,783370
ASSAM,LAKHIMPUR,787033
ASSAM,MAJULI,785102
ASSAM,MARIGAON,782121
ASSAM,NAGAON,782120
ASSAM,NALBARI,781340
ASSAM,SIVASAGAR,785681
ASSAM,SONITPUR,784149
ASSAM,SOUTH SALMARA MANCACHAR,783136
ASSAM,TINSUKIA,786171
ASSAM,UDALGURI,784527
ASSAM,WEST KARBI ANGLONG,782450
BIHAR,ARARIA,854311
BIHAR,ARWAL,804401
BIHAR,AURANGABAD,824111
BIHAR,BANKA,813101
BIHAR,BEGUSARAI,848201
BIHAR,BHAGALPUR,853201
BIHAR,BHOJPUR,802202
BIHAR,BUXAR,802103
BIHAR,DARBHANGA,847201
BIHAR,GAYA,824232
BIHAR,GOPALGANJ,841405
BIHAR,JAMUI,811301
BIHAR,JEHANABAD,804407
BIHAR,KAIMUR (BHABUA),821101
BIHAR,KATIHAR,854112
BIHAR,KHAGARIA,852161
BIHAR,KISHANGANJ,855101
BIHAR,LAKHISARAI,811302
BIHAR,MADHEPURA,852101
BIHAR,MADHUBANI,847304
BIHAR,MUNGER,811211
BIHAR,MUZAFFARPUR,844111
BIHAR,NALANDA,811104
BIHAR,NAWADA,801302
BIHAR,PASHCHIM CHAMPARAN,845101
BIHAR,PATNA,803211
BIHAR,PURBI CHAMPARAN,845301
BIHAR,PURNIA,854315
BIHAR,ROHTAS,821301
BIHAR,SAHARSA,852212
BIHAR,SAMASTIPUR,844506
BIHAR,SARAN,841403
BIHAR,SHEIKHPURA,811101
BIHAR,SHEOHAR,843128
BIHAR,SITAMARHI,843117
BIHAR,SIWAN,841231
BIHAR,SUPAUL,852133
BIHAR,VAISHALI,844111
CHANDIGARH,CHANDIGARH,160101
CHHATTISGARH,BALOD,491221
CHHATTISGARH,BALODA BAZAR,493332
CHHATTISGARH,BALRAMPUR,497119
CHHATTISGARH,BASTAR,494442
CHHATTISGARH,BEMETARA,491335
CHHATTISGARH,BIJAPUR,494450
CHHATTISGARH,BILASPUR,495559
CHHATTISGARH,DANTEWADA,494553
CHHATTISGARH,DHAMTARI,493770
CHHATTISGARH,DURG,491001
CHHATTISGARH,GARIYABAND,493996
CHHATTISGARH,Gaurella Pendra Marwahi,495118
CHHATTISGARH,JANJGIR-CHAMPA,495552
CHHATTISGARH,JASHPUR,496224
CHHATTISGARH,KABIRDHAM,491336
CHHATTISGARH,KANKER,494665
CHHATTISGARH,KONDAGAON,494224
CHHATTISGARH,KORBA,495445
CHHATTISGARH,KOREA,497335
CHHATTISGARH,MAHASAMUND,493449
CHHATTISGARH,MUNGELI,495224
CHHATTISGARH,NARAYANPUR,494661
CHHATTISGARH,RAIGARH,496001
CHHATTISGARH,RAIPUR,494001
CHHATTISGARH,RAJNANDGAON,491441
CHHATTISGARH,SUKMA,494122
CHHATTISGARH,SURAJPUR,497231
CHHATTISGARH,SURGUJA,497101
DELHI,CENTRAL,110054
DELHI,EAST,110091
DELHI,NEW DELHI,110037
DELHI,NORTH,110036
DELHI,NORTH EAST,110090
DELHI,NORTH WEST,110081
DELHI,SHAHDARA,110095
DELHI,SOUTH,110076
DELHI,SOUTH WEST,110045
DELHI,South East,110025
DELHI,WEST,110043
GOA,NORTH GOA,403508
GOA,SOUTH GOA,403702
GUJARAT,AHMADABAD,382210
GUJARAT,AMRELI,364515
GUJARAT,ANAND,388520
GUJARAT,ARVALLI,383260
GUJARAT,BANAS KANTHA,385001
GUJARAT,BHARUCH,392110
GUJARAT,BHAVNAGAR,364525
GUJARAT,BOTAD,364710
GUJARAT,CHHOTAUDEPUR,391125
GUJARAT,DANG,394710
GUJARAT,DEVBHUMI DWARKA,361306
GUJARAT,DOHAD,389380
GUJARAT,GANDHINAGAR,382321
GUJARAT,GIR SOMNATH,362140
GUJARAT,JAMNAGAR,360490
GUJARAT,JUNAGADH,360490
GUJARAT,KACHCHH,370001
GUJARAT,KHEDA,388225
GUJARAT,MAHESANA,382120
GUJARAT,MORBI,363655
GUJARAT,Mahisagar,388260
GUJARAT,NARMADA,393041
GUJARAT,NAVSARI,396325
GUJARAT,PANCH MAHALS,389380
GUJARAT,PATAN,384266
GUJARAT,PORBANDAR,360590
GUJARAT,RAJKOT,360311
GUJARAT,SABAR KANTHA,383002
GUJARAT,SURAT,396510
GUJARAT,SURENDRANAGAR,363745
GUJARAT,TAPI,394630
GUJARAT,VADODARA,393105
GUJARAT,VALSAD,396051
HARYANA,AMBALA,134008
HARYANA,BHIWANI,127111
HARYANA,CHARKI DADRI,127307
HARYANA,FARIDABAD,121003
HARYANA,FATEHABAD,125047
HARYANA,GURUGRAM,122101
HARYANA,HISAR,125047
HARYANA,JHAJJAR,124508
HARYANA,JIND,126102
HARYANA,KAITHAL,136034
HARYANA,KARNAL,132039
HARYANA,KURUKSHETRA,136156
HARYANA,MAHENDRAGARH,123001
HARYANA,NUH,122104
HARYANA,PALWAL,121105
HARYANA,PANCHKULA,134118
HARYANA,PANIPAT,132122
HARYANA,REWARI,122502
HARYANA,ROHTAK,124501
HARYANA,SIRSA,125055
HARYANA,SONIPAT,131001
HARYANA,YAMUNANAGAR,134204
HIMACHAL PRADESH,BILASPUR,174001
HIMACHAL PRADESH,CHAMBA,176301
HIMACHAL PRADESH,HAMIRPUR,174305
HIMACHAL PRADESH,KANGRA,177110
HIMACHAL PRADESH,KINNAUR,172101
HIMACHAL PRADESH,KULLU,172026
HIMACHAL PRADESH,LAHUL AND SPITI,172114
HIMACHAL PRADESH,MANDI,175008
HIMACHAL PRADESH,SHIMLA,172001
HIMACHAL PRADESH,SIRMAUR,173001
HIMACHAL PRADESH,SOLAN,173212
HIMACHAL PRADESH,UNA,174303
JAMMU AND KASHMIR,ANANTNAG,192201
JAMMU AND KASHMIR,BANDIPORA,193502
JAMMU AND KASHMIR,BARAMULLA,193101
JAMMU AND KASHMIR,Budgam,193411
JAMMU AND KASHMIR,DODA,182222
JAMMU AND KASHMIR,GANDERBAL,191201
JAMMU AND KASHMIR,JAMMU,181131
JAMMU AND KASHMIR,KATHUA,184206
JAMMU AND KASHMIR,KISHTWAR,182204
JAMMU AND KASHMIR,KULGAM,192233
JAMMU AND KASHMIR,KUPWARA,193303
JAMMU AND KASHMIR,POONCH,185211
JAMMU AND KASHMIR,PULWAMA,192305
JAMMU AND KASHMIR,RAJOURI,185131
JAMMU AND KASHMIR,RAMBAN,182146
JAMMU AND KASHMIR,REASI,182313
JAMMU AND KASHMIR,SAMBA,181143
JAMMU AND KASHMIR,SHOPIAN,192124
JAMMU AND KASHMIR,SRINAGAR,191121
JAMMU AND KASHMIR,UDHAMPUR,184121
JHARKHAND,BOKARO,825315
JHARKHAND,CHATRA,825401
JHARKHAND,DEOGHAR,814157
JHARKHAND,DHANBAD,828114
JHARKHAND,DUMKA,814120
JHARKHAND,EAST SINGHBUM,832101
JHARKHAND,GARHWA,822112
JHARKHAND,GIRIDIH,825320
JHARKHAND,GODDA,814155
JHARKHAND,GUMLA,835234
JHARKHAND,HAZARIBAGH,825311
JHARKHAND,JAMTARA,815351
JHARKHAND,KHUNTI,835234
JHARKHAND,KODERMA,825418
JHARKHAND,LATEHAR,829202
JHARKHAND,LOHARDAGA,835203
JHARKHAND,PAKUR,814111
JHARKHAND,PALAMU,822132
JHARKHAND,RAMGARH,829101
JHARKHAND,RANCHI,829205
JHARKHAND,SAHEBGANJ,816102
JHARKHAND,SARAIKELA KHARSAWAN,832401
JHARKHAND,SIMDEGA,835201
JHARKHAND,WEST SINGHBHUM,835216
KARNATAKA,BAGALKOT,587112
KARNATAKA,BALLARI,583104
KARNATAKA,BELAGAVI,591102
KARNATAKA,BENGALURU RURAL,560117
KARNATAKA,BENGALURU URBAN,560064
KARNATAKA,BIDAR,585326
KARNATAKA,CHAMARAJANAGARA,571440
KARNATAKA,CHIKKABALLAPURA,561207
KARNATAKA,CHIKKAMAGALURU,577101
KARNATAKA,CHITRADURGA,577511
KARNATAKA,DAKSHINA KANNADA,574143
KARNATAKA,DAVANGERE,577516
KARNATAKA,DHARWAD,580011
KARNATAKA,GADAG,582112
KARNATAKA,HASSAN,573103
KARNATAKA,HAVERI,581110
KARNATAKA,KALABURAGI,585301
KARNATAKA,KODAGU,571201
KARNATAKA,KOLAR,563114
KARNATAKA,KOPPAL,583284
KARNATAKA,MANDYA,571404
KARNATAKA,MYSURU,570010
KARNATAKA,RAICHUR,584167
KARNATAKA,RAMANAGARA,562160
KARNATAKA,SHIVAMOGGA,577301
KARNATAKA,TUMAKURU,572211
KARNATAKA,UDUPI,574101
KARNATAKA,UTTARA KANNADA,581360
KARNATAKA,VIJAYAPURA,586111
KARNATAKA,VIJAYNAGAR,583130
KARNATAKA,YADGIR,585304
KERALA,ALAPPUZHA,688011
KERALA,ERNAKULAM,683511
KERALA,IDUKKI,685501
KERALA,KANNUR,670612
KERALA,KASARAGOD,671531
KERALA,KOLLAM,690561
KERALA,KOTTAYAM,686541
KERALA,KOZHIKODE,673580
KERALA,MALAPPURAM,679357
KERALA,PALAKKAD,679336
KERALA,PATHANAMTHITTA,685533
KERALA,THIRUVANANTHAPURAM,695311
KERALA,THRISSUR,680309
KERALA,WAYANAD,673593
LADAKH,KARGIL,194103
LADAKH,LEH LADAKH,194104
LAKSHADWEEP,LAKSHADWEEP DISTRICT,682553
MADHYA PRADESH,AGAR MALWA,465441
MADHYA PRADESH,ALIRAJPUR,457887
MADHYA PRADESH,ANUPPUR,484224
MADHYA PRADESH,ASHOKNAGAR,473331
MADHYA PRADESH,BALAGHAT,481001
MADHYA PRADESH,BARWANI,451556
MADHYA PRADESH,BETUL,460001
MADHYA PRADESH,BHIND,477001
MADHYA PRADESH,BHOPAL,462030
MADHYA PRADESH,BURHANPUR,450331
MADHYA PRADESH,CHHATARPUR,471001
MADHYA PRADESH,CHHINDWARA,480001
MADHYA PRADESH,DAMOH,470661
MADHYA PRADESH,DATIA,475686
MADHYA PRADESH,DEWAS,455001
MADHYA PRADESH,DHAR,454001
MADHYA PRADESH,DINDORI,481880
MADHYA PRADESH,EAST NIMAR,450001
MADHYA PRADESH,GUNA,473105
MADHYA PRADESH,GWALIOR,474001
MADHYA PRADESH,HARDA,461335
MADHYA PRADESH,HOSHANGABAD,461001
MADHYA PRADESH,INDORE,452016
MADHYA PRADESH,JABALPUR,482001
MADHYA PRADESH,JHABUA,457661
MADHYA PRADESH,KATNI,483501
MADHYA PRADESH,KHARGONE,451332
MADHYA PRADESH,MANDLA,481661
MADHYA PRADESH,MANDSAUR,458775
MADHYA PRADESH,MORENA,476001
MADHYA PRADESH,NARSINGHPUR,487001
MADHYA PRADESH,NEEMUCH,458441
MADHYA PRADESH,Niwari,472337
MADHYA PRADESH,PANNA,488220
MADHYA PRADESH,RAISEN,462046
MADHYA PRADESH,RAJGARH,465661
MADHYA PRADESH,RATLAM,457001
MADHYA PRADESH,REWA,486441
MADHYA PRADESH,SAGAR,470235
MADHYA PRADESH,SATNA,485227
MADHYA PRADESH,SEHORE,466001
MADHYA PRADESH,SEONI,480661
MADHYA PRADESH,SHAHDOL,484001
MADHYA PRADESH,SHAJAPUR,465223
MADHYA PRADESH,SHEOPUR,476335
MADHYA PRADESH,SHIVPURI,473551
MADHYA PRADESH,SIDHI,486675
MADHYA PRADESH,SINGRAULI,486882
MADHYA PRADESH,TIKAMGARH,472001
MADHYA PRADESH,UJJAIN,456665
MADHYA PRADESH,UMARIA,484001
MADHYA PRADESH,VIDISHA,464001
MAHARASHTRA,AHMEDNAGAR,414002
MAHARASHTRA,AKOLA,444101
MAHARASHTRA,AMRAVATI,444602
MAHARASHTRA,AURANGABAD,431002
MAHARASHTRA,BEED,413207
MAHARASHTRA,BHANDARA,441903
MAHARASHTRA,BULDHANA,443002
MAHARASHTRA,CHANDRAPUR,441226
MAHARASHTRA,DHULE,425428
MAHARASHTRA,GADCHIROLI,442705
MAHARASHTRA,GONDIA,441902
MAHARASHTRA,HINGOLI,431701
MAHARASHTRA,JALGAON,425107
MAHARASHTRA,JALNA,431507
MAHARASHTRA,KOLHAPUR,416214
MAHARASHTRA,LATUR,413515
MAHARASHTRA,MUMBAI,400009
MAHARASHTRA,MUMBAI SUBURBAN,400070
MAHARASHTRA,NAGPUR,441108
MAHARASHTRA,NANDED,431750
MAHARASHTRA,NANDURBAR,425415
MAHARASHTRA,NASHIK,424109
MAHARASHTRA,OSMANABAD,413405
MAHARASHTRA,PALGHAR,421312
MAHARASHTRA,PARBHANI,431508
MAHARASHTRA,PUNE,411033
MAHARASHTRA,RAIGAD,410206
MAHARASHTRA,RATNAGIRI,415605
MAHARASHTRA,SANGLI,416401
MAHARASHTRA,SATARA,415510
MAHARASHTRA,SINDHUDURG,416605
MAHARASHTRA,SOLAPUR,413304
MAHARASHTRA,THANE,421603
MAHARASHTRA,WARDHA,442001
MAHARASHTRA,WASHIM,444110
MAHARASHTRA,YAVATMAL,445109
MANIPUR,BISHNUPUR,795133
MANIPUR,CHANDEL,795102
MANIPUR,CHURACHANDPUR,795128
MANIPUR,IMPHAL EAST,795010
MANIPUR,IMPHAL WEST,795113
MANIPUR,JIRIBAM,795115
MANIPUR,KAKCHING,795132
MANIPUR,KAMJONG,795010
MANIPUR,KANGPOKPI,795126
MANIPUR,NONEY,795159
MANIPUR,PHERZAWL,795006
MANIPUR,SENAPATI,795007
MANIPUR,TAMENGLONG,795125
MANIPUR,TENGNOUPAL,795131
MANIPUR,THOUBAL,795103
MANIPUR,UKHRUL,795145
MEGHALAYA,EAST GARO HILLS,794110
MEGHALAYA,EAST JAINTIA HILLS,793210
MEGHALAYA,EAST KHASI HILLS,793106
MEGHALAYA,NORTH GARO HILLS,794108
MEGHALAYA,RI BHOI,781131
MEGHALAYA,SOUTH GARO HILLS,794102
MEGHALAYA,SOUTH WEST GARO HILLS,794115
MEGHALAYA,SOUTH WEST KHASI HILLS,793106
MEGHALAYA,WEST GARO HILLS,794103
MEGHALAYA,WEST JAINTIA HILLS,793109
MEGHALAYA,WEST KHASI HILLS,793120
MIZORAM,AIZAWL,796007
MIZORAM,CHAMPHAI,796321
MIZORAM,Hnahthial,796571
MIZORAM,KHAWZAWL,796310
MIZORAM,KOLASIB,796091
MIZORAM,LAWNGTLAI,796891
MIZORAM,LUNGLEI,796701
MIZORAM,MAMIT,796431
MIZORAM,SAIHA,796901
MIZORAM,SAITUAL,796291
MIZORAM,SERCHHIP,796186
NAGALAND,DIMAPUR,797115
NAGALAND,KIPHIRE,798611
NAGALAND,KOHIMA,797006
NAGALAND,LONGLENG,798625
NAGALAND,MOKOKCHUNG,798614
NAGALAND,MON,798603
NAGALAND,Noklak,798612
NAGALAND,PEREN,797112
NAGALAND,PHEK,797104
NAGALAND,TUENSANG,798612
NAGALAND,WOKHA,797099
NAGALAND,ZUNHEBOTO,798627
ODISHA,ANUGUL,759125
ODISHA,BALANGIR,767067
ODISHA,BALESHWAR,756051
ODISHA,BARGARH,768027
ODISHA,BHADRAK,756046
ODISHA,BOUDH,762030
ODISHA,CUTTACK,754295
ODISHA,DEOGARH,768110
ODISHA,DHENKANAL,759146
ODISHA,GAJAPATI,761017
ODISHA,GANJAM,761151
ODISHA,JAGATSINGHAPUR,754109
ODISHA,JAJAPUR,758025
ODISHA,JHARSUGUDA,768221
ODISHA,KALAHANDI,766028
ODISHA,KANDHAMAL,762103
ODISHA,KENDRAPARA,755061
ODISHA,KENDUJHAR,758021
ODISHA,KHORDHA,752100
ODISHA,KORAPUT,764043
ODISHA,MALKANGIRI,764046
ODISHA,MAYURBHANJ,756028
ODISHA,NABARANGPUR,764088
ODISHA,NAYAGARH,752063
ODISHA,NUAPADA,766111
ODISHA,PURI,752109
ODISHA,RAYAGADA,765021
ODISHA,SAMBALPUR,768221
ODISHA,SONEPUR,767068
ODISHA,SUNDARGARH,768228
PUDUCHERRY,KARAIKAL,609603
PUDUCHERRY,MAHE,673310
PUDUCHERRY,PONDICHERRY,605007
PUDUCHERRY,YANAM,533464
PUNJAB,AMRITSAR,143102
PUNJAB,BARNALA,148101
PUNJAB,BATHINDA,151005
PUNJAB,FARIDKOT,152025
PUNJAB,FATEHGARH SAHIB,140412
PUNJAB,FAZILKA,152128
PUNJAB,FIROZEPUR,142044
PUNJAB,GURDASPUR,143507
PUNJAB,HOSHIARPUR,144224
PUNJAB,JALANDHAR,144502
PUNJAB,KAPURTHALA,144804
PUNJAB,LUDHIANA,141007
PUNJAB,MALERKOTLA,148021
PUNJAB,MANSA,151508
PUNJAB,MOGA,142058
PUNJAB,PATHANKOT,145027
PUNJAB,PATIALA,147202
PUNJAB,RUPNAGAR,140111
PUNJAB,S.A.S Nagar,140501
PUNJAB,SANGRUR,148022
PUNJAB,SRI MUKTSAR SAHIB,151210
PUNJAB,Shahid Bhagat Singh Nagar,144521
PUNJAB,Tarn Taran,143303
RAJASTHAN,AJMER,305005
RAJASTHAN,ALWAR,301001
RAJASTHAN,BANSWARA,327001
RAJASTHAN,BARAN,325209
RAJASTHAN,BARMER,344704
RAJASTHAN,BHARATPUR,321001
RAJASTHAN,BHILWARA,311301
RAJASTHAN,BIKANER,334001
RAJASTHAN,BUNDI,323001
RAJASTHAN,CHITTORGARH,312025
RAJASTHAN,CHURU,331001
RAJASTHAN,DAUSA,303303
RAJASTHAN,DHOLPUR,328001
RAJASTHAN,DUNGARPUR,314001
RAJASTHAN,GANGANAGAR,335001
RAJASTHAN,HANUMANGARH,335512
RAJASTHAN,JAIPUR,302038
RAJASTHAN,JAISALMER,345001
RAJASTHAN,JALORE,343001
RAJASTHAN,JHALAWAR,326001
RAJASTHAN,JHUNJHUNU,333026
RAJASTHAN,JODHPUR,342314
RAJASTHAN,KARAULI,322213
RAJASTHAN,KOTA,326520
RAJASTHAN,NAGAUR,341307
RAJASTHAN,PALI,306001
RAJASTHAN,PRATAPGARH,312615
RAJASTHAN,RAJSAMAND,305922
RAJASTHAN,SAWAI MADHOPUR,322201
RAJASTHAN,SIKAR,332021
RAJASTHAN,SIROHI,307001
RAJASTHAN,TONK,304001
RAJASTHAN,UDAIPUR,313011
SIKKIM,EAST DISTRICT,737107
SIKKIM,NORTH DISTRICT,737120
SIKKIM,Pakyong,737131
SIKKIM,SOUTH DISTRICT,737128
SIKKIM,Soreng,737113
SIKKIM,WEST DISTRICT,737111
TAMIL NADU,Ariyalur,621701
TAMIL NADU,CHENGALPATTU,603301
TAMIL NADU,CHENNAI,600005
TAMIL NADU,COIMBATORE,641201
TAMIL NADU,CUDDALORE,607403
TAMIL NADU,DHARMAPURI,636704
TAMIL NADU,DINDIGUL,624005
TAMIL NADU,ERODE,638311
TAMIL NADU,KALLAKURICHI,606305
TAMIL NADU,KANCHIPURAM,603202
TAMIL NADU,KANNIYAKUMARI,629204
TAMIL NADU,KARUR,639201
TAMIL NADU,KRISHNAGIRI,635201
TAMIL NADU,MADURAI,625501
TAMIL NADU,MAYILADUTHURAI,612203
TAMIL NADU,NAGAPATTINAM,611102
TAMIL NADU,NAMAKKAL,638007
TAMIL NADU,PERAMBALUR,621103
TAMIL NADU,PUDUKKOTTAI,621305
TAMIL NADU,RAMANATHAPURAM,623601
TAMIL NADU,Ranipet,631004
TAMIL NADU,SALEM,637101
TAMIL NADU,SIVAGANGA,630303
TAMIL NADU,TENKASI,627719
TAMIL NADU,THANJAVUR,612101
TAMIL NADU,THE NILGIRIS,643102
TAMIL NADU,THENI,625552
TAMIL NADU,THIRUVALLUR,602105
TAMIL NADU,THIRUVARUR,609501
TAMIL NADU,TIRUCHIRAPPALLI,621306
TAMIL NADU,TIRUNELVELI,627953
TAMIL NADU,TIRUPPUR,638056
TAMIL NADU,TIRUVANNAMALAI,635703
TAMIL NADU,TUTICORIN,628902
TAMIL NADU,Tirupathur,635802
TAMIL NADU,VELLORE,632204
TAMIL NADU,VILLUPURAM,604302
TAMIL NADU,VIRUDHUNAGAR,627713
TELANGANA,ADILABAD,504304
TELANGANA,BHADRADRI KOTHAGUDEM,507306
TELANGANA,HANUMAKONDA,506371
TELANGANA,HYDERABAD,500036
TELANGANA,JANGOAN,506145
TELANGANA,JAYASHANKAR BHUPALAPALLY,506169
TELANGANA,JOGULAMBA GADWAL,509127
TELANGANA,Jagitial,505415
TELANGANA,KAMAREDDY,503305
TELANGANA,KARIMNAGAR,505467
TELANGANA,KHAMMAM,507302
TELANGANA,KUMURAM BHEEM ASIFABAD,504273
TELANGANA,MAHABUBABAD,506102
TELANGANA,MAHABUBNAGAR,509219
TELANGANA,MANCHERIAL,504209
TELANGANA,MEDAK,502102
TELANGANA,MEDCHAL MALKAJGIRI,500039
TELANGANA,Mulugu,506165
TELANGANA,NAGARKURNOOL,509324
TELANGANA,NALGONDA,508255
TELANGANA,NIZAMABAD,503217
TELANGANA,Narayanpet,509407
TELANGANA,Nirmal,504101
TELANGANA,PEDDAPALLI,505415
TELANGANA,RAJANNA SIRCILLA,505304
TELANGANA,RANGA REDDY,509321
TELANGANA,SANGAREDDY,502291
TELANGANA,SIDDIPET,506223
TELANGANA,SURYAPET,508201
TELANGANA,VIKARABAD,509350
TELANGANA,WANAPARTHY,509130
TELANGANA,WARANGAL,506342
TELANGANA,YADADRI BHUVANAGIRI,508101
THE DADRA AND NAGAR HAVELI AND DAMAN AND DIU,DADRA AND NAGAR HAVELI,396240
THE DADRA AND NAGAR HAVELI AND DAMAN AND DIU,DAMAN,396210
THE DADRA AND NAGAR HAVELI AND DAMAN AND DIU,DIU,362570
TRIPURA,Dhalai,799289
TRIPURA,Gomati,799101
TRIPURA,Khowai,799207
TRIPURA,North Tripura,799251
TRIPURA,Sepahijala,799102
TRIPURA,South Tripura,799157
TRIPURA,Unakoti,799281
TRIPURA,West Tripura,799009
UTTAR PRADESH,AGRA,283104
UTTAR PRADESH,ALIGARH,246761
UTTAR PRADESH,AMBEDKAR NAGAR,224122
UTTAR PRADESH,AMROHA,244221
UTTAR PRADESH,AURAIYA,206251
UTTAR PRADESH,AYODHYA,224001
UTTAR PRADESH,AZAMGARH,276125
UTTAR PRADESH,Amethi,229302
UTTAR PRADESH,BAGHPAT,250611
UTTAR PRADESH,BAHRAICH,271825
UTTAR PRADESH,BALLIA,277001
UTTAR PRADESH,BALRAMPUR,271201
UTTAR PRADESH,BANDA,210001
UTTAR PRADESH,BARABANKI,225401
UTTAR PRADESH,BAREILLY,243301
UTTAR PRADESH,BASTI,272127
UTTAR PRADESH,BHADOHI,221401
UTTAR PRADESH,BIJNOR,246701
UTTAR PRADESH,BUDAUN,243601
UTTAR PRADESH,BULANDSHAHR,203001
UTTAR PRADESH,CHANDAULI,232102
UTTAR PRADESH,CHITRAKOOT,210204
UTTAR PRADESH,DEORIA,274807
UTTAR PRADESH,ETAH,207002
UTTAR PRADESH,ETAWAH,206120
UTTAR PRADESH,FARRUKHABAD,209601
UTTAR PRADESH,FATEHPUR,212601
UTTAR PRADESH,FIROZABAD,224172
UTTAR PRADESH,GAUTAM BUDDHA NAGAR,201009
UTTAR PRADESH,GHAZIABAD,201009
UTTAR PRADESH,GHAZIPUR,275201
UTTAR PRADESH,GONDA,271602
UTTAR PRADESH,GORAKHPUR,273001
UTTAR PRADESH,HAMIRPUR,210301
UTTAR PRADESH,HAPUR,245101
UTTAR PRADESH,HARDOI,241001
UTTAR PRADESH,HATHRAS,281302
UTTAR PRADESH,JALAUN,285202
UTTAR PRADESH,JAUNPUR,212401
UTTAR PRADESH,JHANSI,284003
UTTAR PRADESH,KANNAUJ,209720
UTTAR PRADESH,KANPUR DEHAT,209307
UTTAR PRADESH,KANPUR NAGAR,208021
UTTAR PRADESH,KAUSHAMBI,212202
UTTAR PRADESH,KHERI,262701
UTTAR PRADESH,KUSHI NAGAR,274307
UTTAR PRADESH,Kasganj,207124
UTTAR PRADESH,LALITPUR,284403
UTTAR PRADESH,LUCKNOW,226003
UTTAR PRADESH,MAHARAJGANJ,273302
UTTAR PRADESH,MAHOBA,210421
UTTAR PRADESH,MAINPURI,205121
UTTAR PRADESH,MATHURA,281121
UTTAR PRADESH,MAU,275301
UTTAR PRADESH,MEERUT,250617
UTTAR PRADESH,MIRZAPUR,231302
UTTAR PRADESH,MORADABAD,244501
UTTAR PRADESH,MUZAFFARNAGAR,251002
UTTAR PRADESH,PILIBHIT,262001
UTTAR PRADESH,PRATAPGARH,230405
UTTAR PRADESH,PRAYAGRAJ,211012
UTTAR PRADESH,RAE BARELI,229211
UTTAR PRADESH,RAMPUR,244901
UTTAR PRADESH,SAHARANPUR,247001
UTTAR PRADESH,SAMBHAL,243751
UTTAR PRADESH,SANT KABEER NAGAR,272154
UTTAR PRADESH,SHAHJAHANPUR,242001
UTTAR PRADESH,SHAMLI,247771
UTTAR PRADESH,SHRAVASTI,271831
UTTAR PRADESH,SIDDHARTH NAGAR,272153
UTTAR PRADESH,SITAPUR,261001
UTTAR PRADESH,SONBHADRA,231212
UTTAR PRADESH,SULTANPUR,228001
UTTAR PRADESH,UNNAO,209870
UTTAR PRADESH,VARANASI,221104
UTTARAKHAND,ALMORA,263601
UTTARAKHAND,BAGESHWAR,263642
UTTARAKHAND,CHAMOLI,246440
UTTARAKHAND,CHAMPAWAT,262527
UTTARAKHAND,DEHRADUN,248003
UTTARAKHAND,HARIDWAR,247667
UTTARAKHAND,NAINITAL,263139
UTTARAKHAND,PAURI GARHWAL,246121
UTTARAKHAND,PITHORAGARH,262501
UTTARAKHAND,RUDRA PRAYAG,246421
UTTARAKHAND,TEHRI GARHWAL,248158
UTTARAKHAND,UDAM SINGH NAGAR,262401
UTTARAKHAND,UTTAR KASHI,249135
WEST BENGAL,24 PARAGANAS NORTH,743221
WEST BENGAL,24 PARAGANAS SOUTH,700104
WEST BENGAL,Alipurduar,736121
WEST BENGAL,BANKURA,722152
WEST BENGAL,BIRBHUM,731202
WEST BENGAL,COOCHBEHAR,736131
WEST BENGAL,DARJEELING,734201
WEST BENGAL,DINAJPUR DAKSHIN,733103
WEST BENGAL,DINAJPUR UTTAR,733143
WEST BENGAL,HOOGHLY,712122
WEST BENGAL,HOWRAH,711401
WEST BENGAL,JALPAIGURI,734004
WEST BENGAL,Jhargram,721125
WEST BENGAL,KALIMPONG,734314
WEST BENGAL,KOLKATA,700105
WEST BENGAL,MALDAH,742202
WEST BENGAL,MEDINIPUR EAST,721456
WEST BENGAL,MEDINIPUR WEST,721424
WEST BENGAL,MURSHIDABAD,731244
WEST BENGAL,NADIA,741161
WEST BENGAL,PASCHIM BARDHAMAN,713325
WEST BENGAL,PURBA BARDHAMAN,731215
WEST BENGAL,PURULIA,723121
